"animal_id","water_year","first_detection_startup_1","last_detection_startup_1","last_detection_startup_2","first_detection_endup","route_cluster","migration_binary","migration_type","last_detection_startup","HMC_mean_discharge","VON_mean_discharge","migration_duration","mean_temp_after_1week","mean_temp_before_1week"
"UCDHIST-GS0004-2008-05-13",2011,2011-03-02 05:04:36,2011-03-05 10:07:55,2011-03-06 13:23:58,2011-04-10 07:13:43,1,1,"up",2011-03-06 13:23:58,44783.1714285714,55528.3714285714,34.7428819444444,52.8528985485714,48.8839285714286
"UCDHIST-GS0007-2008-06-12",2014,2014-04-04 09:46:00,2014-04-06 15:28:19,2014-04-08 07:39:15,2014-04-17 19:50:34,1,1,"up",2014-04-08 07:39:15,4917.33333333333,8591.11111111111,9.5078587962963,63.1952380957143,58.1375
"UCDHIST-GS0009-2008-06-12",2012,2012-03-29 18:53:09,2012-04-02 12:46:51,2012-04-04 01:20:58,2012-04-20 03:19:02,0,1,"up",2012-04-04 01:20:58,10461.875,23547.125,16.0819907407407,56.7458333342857,55.1749999985714
"UCDHIST-GS0009-2008-06-12",2016,2016-02-28 21:45:36,2016-03-01 20:10:31,2016-03-03 00:00:11,2016-03-31 05:05:09,1,1,"up",2016-03-03 00:00:11,28764.4285714286,47485.5714285714,28.2117824074074,56.7172619042857,55.3202380942857
"UCDHIST-GS0010-2008-06-12",2011,2011-02-12 10:26:38,2011-02-16 19:10:31,2011-02-18 00:21:19,2011-03-13 04:44:11,1,1,"up",2011-02-18 00:21:19,12501.3913043478,28946.4782608696,23.1825462962963,47.8773809514286,50.5732142857143
"UCDHIST-GS0069-2003-08-06",2008,2008-04-25 23:33:12,2008-05-08 10:18:01,2008-05-09 17:40:36,2008-05-31 14:39:07,1,1,"up",2008-05-09 17:40:36,7352.13636363636,9349.27272727273,21.8739699074074,66.8744047614286,63.7488095242857
"UCDHIST-GS0104-2004-06-30",2007,2007-08-04 07:26:15,2007-08-19 00:26:18,2007-08-09 08:19:56,NA,NA,0,"up",2007-08-09 08:19:56,9206,16244,NA,70.2703580828571,71.7387939957143
"UCDHIST-GS0118-2004-07-14",2007,2007-05-10 09:44:31,2007-05-12 21:27:29,2007-05-14 13:09:58,2007-05-28 05:42:04,1,1,"up",2007-05-14 13:09:58,7078.76923076923,8595.15384615385,13.6889583333333,NA,NA
"UCDHIST-GS0119-2004-07-14",2010,2010-02-07 19:12:44,2010-02-11 07:22:14,2010-02-10 20:28:01,2010-02-24 01:34:30,1,1,"up",2010-02-10 20:28:01,8696.46153846154,23845,13.2128356481481,53.0797619057143,51.6273291928571
"UCDHIST-GS0138-2004-05-18",2007,2007-03-31 18:00:13,2007-04-01 21:26:42,2007-04-03 07:33:26,2007-04-20 06:11:51,1,1,"up",2007-04-03 07:33:26,7408.125,13199,16.9433449074074,NA,NA
"UCDHIST-GS0146-2004-05-27",2008,2008-06-17 00:15:54,2008-06-20 09:46:02,2008-06-19 11:14:42,NA,NA,0,"up",2008-06-19 11:14:42,8338,9412,NA,72.1619047614286,69.6702380971429
"UCDHIST-GS0160-2004-08-11",2007,2007-04-04 18:27:15,2007-04-11 03:37:26,2007-04-08 16:47:35,NA,NA,0,"up",2007-04-08 16:47:35,7644,13425,NA,NA,NA
"UCDHIST-GS0160-2004-08-11",2008,2008-03-12 01:18:21,2008-03-28 16:44:22,2008-04-11 04:04:36,NA,NA,0,"up",2008-04-11 04:04:36,NA,NA,NA,62.2406314714286,58.5535714271429
"UCDHIST-GS0162-2004-08-13",2007,2007-05-10 20:35:21,2007-05-13 09:37:53,2007-05-18 13:04:01,2007-06-15 08:13:42,1,1,"up",2007-05-18 13:04:01,7392.48148148148,9241.81481481482,27.7983912037037,NA,NA
"UCDHIST-GS0192-2005-08-05",2008,2008-02-20 18:58:27,2008-02-22 16:11:52,2008-02-23 17:48:31,2008-03-10 09:20:23,1,1,"up",2008-02-23 17:48:31,10734.75,23074,15.6471296296296,51.4261904757143,48.2951863342857
"UCDHIST-GS0197-2005-08-08",2009,2009-07-10 07:55:19,2009-09-30 14:34:45,2009-08-02 08:50:17,NA,NA,0,"up",2009-08-02 08:50:17,NA,NA,NA,69.8434523814286,71.2732142842857
"UCDHIST-GS0197-2005-08-08",2010,2009-10-01 04:53:59,2010-03-14 16:42:28,2010-03-15 05:20:34,2010-04-20 00:30:53,1,1,"up",2010-03-15 05:20:34,7858.66666666667,14888.1111111111,35.7988310185185,56.1773809528571,53.72795031
"UCDHIST-GS0198-2005-08-08",2007,2007-08-01 18:02:17,2007-08-15 12:30:50,2007-08-19 02:59:01,NA,NA,0,"up",2007-08-19 02:59:01,7507,15065,NA,71.4866977228571,70.2538984557143
"UCDHIST-GS0198-2005-08-08",2009,2009-07-10 02:04:54,2009-09-06 15:36:38,2009-08-27 02:59:57,NA,NA,0,"up",2009-08-27 02:59:57,7118,13033,NA,71.9928571442857,71.2726190485714
"UCDHIST-GS0201-2005-08-11",2007,2007-04-26 22:17:30,2007-05-19 01:43:41,2007-05-12 08:28:38,NA,NA,0,"up",2007-05-12 08:28:38,7375,8543,NA,NA,NA
"UCDHIST-GS0205-2005-08-13",2009,2009-07-08 15:59:51,2009-09-01 21:49:15,2009-08-31 06:45:04,NA,NA,0,"up",2009-08-31 06:45:04,6525,13275,NA,71.3696428571428,71.5291666685714
"UCDHIST-GS0208-2005-08-21",2009,2009-06-27 06:20:34,2009-08-11 23:07:14,2009-08-09 15:56:51,NA,NA,0,"up",2009-08-09 15:56:51,NA,NA,NA,71.7828933757143,69.7791666671429
"UCDHIST-GS0214-2005-08-30",2009,2009-05-29 05:26:48,2009-09-07 17:09:10,2009-09-02 11:17:37,NA,NA,0,"up",2009-09-02 11:17:37,NA,NA,NA,71.0642857142857,71.7922619057143
"UCDHIST-GS0214-2005-08-30",2010,2010-01-26 12:08:07,2010-01-30 00:16:34,2010-01-30 01:59:45,2010-02-17 03:12:21,0,1,"up",2010-01-30 01:59:45,13405.2222222222,32377.2222222222,18.0504166666667,50.4845238114286,47.4773809514286
"UCDHIST-GS0222-2005-10-16",2010,2010-02-23 01:27:36,2010-03-03 02:12:36,2010-03-04 14:13:37,2010-03-18 10:57:13,0,1,"up",2010-03-04 14:13:37,8442.85714285714,19929.9285714286,13.8636111111111,53.5178571442857,53.5255952385714
"UCDHIST-GS0224-2005-10-17",2009,2009-04-12 07:29:21,2009-04-14 07:01:03,2009-04-15 07:26:01,2009-04-25 01:27:45,1,1,"up",2009-04-15 07:26:01,5672.88888888889,11109.1111111111,9.7512037037037,61.1625,59.1857142857143
"UCDHIST-GS0230-2005-10-29",2010,2010-02-26 16:20:54,2010-03-04 20:02:12,2010-03-06 22:06:11,2010-03-20 04:27:42,1,1,"up",2010-03-06 22:06:11,7970.92307692308,18066.1538461538,13.2649421296296,53.6791666671429,53.2625000014286
"UCDHIST-GS0232-2005-11-04",2010,2010-03-07 07:37:22,2010-03-09 17:55:48,2010-03-10 12:57:24,2010-04-19 11:00:56,1,1,"up",2010-03-10 12:57:24,7907.6,15110.125,39.9191203703704,54.0606884042857,53.4250000014286
"UCDHIST-GS0233-2005-11-14",2009,2009-02-07 02:08:54,2009-02-22 19:34:26,2009-02-23 04:26:23,2009-03-07 06:29:44,0,1,"up",2009-02-23 04:26:23,19199.5,37934.8333333333,12.0856597222222,53.5386904757143,48.8196428585714
"UCDHIST-GS0265-2005-08-02",2008,2008-04-06 02:10:48,2008-04-09 03:38:13,2008-04-13 09:02:43,2008-05-15 14:05:03,1,1,"up",2008-04-13 09:02:43,6709.84375,9305.9375,32.2099537037037,62.4947981385714,58.8119047614286
"UCDHIST-GS0285-2005-09-23",2007,2007-03-20 07:16:01,2007-03-22 16:09:07,2007-03-23 18:55:31,2007-04-08 07:11:47,1,1,"up",2007-03-23 18:55:31,7280.25,12571.375,15.5112962962963,NA,NA
"UCDHIST-GS0302-2006-06-14",2009,2009-03-23 23:41:06,2009-03-28 14:02:52,2009-03-28 15:30:53,2009-04-15 04:40:20,0,1,"up",2009-03-28 15:30:53,5979.17647058824,11974.8823529412,17.5482291666667,58.6555641814286,57.8735342542857
"UCDHIST-GS0303-2006-06-28",2009,2009-05-25 16:33:25,2009-06-17 05:03:39,2009-06-18 00:36:22,NA,NA,0,"up",2009-06-18 00:36:22,7494.45945945946,13706.6575342466,NA,70.2220238085714,68.0470238085714
"UCDHIST-GS0303-2006-06-28",2010,2009-11-05 13:00:09,2010-03-01 02:50:57,2010-03-01 19:23:31,2010-03-19 03:30:21,0,1,"up",2010-03-01 19:23:31,9394.23529411765,21114.8235294118,17.3380787037037,53.3696428585714,54.3865683228571
"UCDHIST-GS0303-2006-06-28",2012,2012-06-11 03:41:34,2012-09-29 13:55:33,2012-09-28 05:15:11,NA,NA,0,"up",2012-09-28 05:15:11,6030,12896,NA,68.7267857171429,67.7291666671429
"UCDHIST-GS0305-2006-06-30",2010,2010-04-19 16:04:39,2010-04-22 23:17:14,2010-04-23 16:38:15,2010-05-09 10:01:30,0,1,"up",2010-04-23 16:38:15,9167.375,18081.5,15.7244791666667,61.71547619,59.0202380957143
"UCDHIST-GS0307-2006-07-01",2010,2010-02-23 23:32:45,2010-03-02 11:21:50,2010-03-04 03:00:05,2010-04-23 01:08:59,0,1,"up",2010-03-04 03:00:05,8558.06,16723.72,49.9228472222222,53.5178571442857,53.5255952385714
"UCDHIST-GS0308-2006-07-08",2009,2009-02-27 09:14:27,2009-03-07 13:01:54,2009-03-07 19:10:11,2009-03-29 06:31:59,1,1,"up",2009-03-07 19:10:11,7043.90476190476,16472.1428571429,21.4734722222222,53.4880693571429,53.9511904757143
"UCDHIST-GS0308-2006-07-08",2012,2012-03-22 17:11:09,2012-03-24 05:37:15,2012-03-31 16:20:41,2012-04-22 08:21:22,0,1,"up",2012-03-31 16:20:41,11137.0454545455,23839.9545454545,21.6671412037037,55.6958333328571,54.7607142857143
"UCDHIST-GS0356-2005-06-04",2007,2007-03-13 21:59:48,2007-03-16 00:32:52,2007-03-18 10:09:00,2007-04-02 16:27:46,1,1,"up",2007-03-18 10:09:00,7134.46666666667,12145.9333333333,15.2630324074074,NA,NA
"UCDHIST-GS0367-2005-07-22",2007,2007-03-22 20:53:33,2007-03-27 13:31:04,2007-03-27 22:13:29,2007-04-15 04:41:30,1,1,"up",2007-03-27 22:13:29,7384.72222222222,13034.5,18.2694560185185,NA,NA
"UCDHIST-GS0424-2009-04-11",2013,2013-04-04 09:19:04,2013-04-07 13:03:10,2013-04-12 16:33:40,2013-04-27 05:09:14,1,1,"up",2013-04-12 16:33:40,6019.92857142857,8715.42857142857,14.5246990740741,61.6202380971429,62.0244047628571
"UCDHIST-GS0426-2009-04-22",2013,2013-02-25 15:40:33,2013-02-26 17:45:10,2013-03-02 18:00:56,2013-03-18 12:21:29,1,1,"up",2013-03-02 18:00:56,6352.5,12343.9375,15.7642708333333,54.4101190471429,51.1267857142857
"UCDHIST-GS0426-2009-04-22",2016,2016-02-15 08:03:23,2016-03-06 18:05:23,2016-03-08 11:51:48,2016-03-26 12:52:38,1,1,"up",2016-03-08 11:51:48,34594.8333333333,56800.0555555556,18.0422453703704,53.4370600414286,57.2226190471429
"UCDHIST-GS0428-2009-05-14",2014,2014-03-21 04:16:15,2014-03-23 13:37:14,2014-03-26 20:50:32,2014-04-15 06:46:01,1,1,"up",2014-03-26 20:50:32,7296.26315789474,11202.6315789474,19.4135300925926,60.7416666671429,60.0217132485714
"UCDHIST-GS0429-2009-05-14",2012,2012-03-08 15:41:42,2012-03-12 23:59:53,2012-03-13 18:37:06,2012-04-03 13:07:56,1,1,"up",2012-03-13 18:37:06,14211.15,25949.9047619048,20.771412037037,54.1392857142857,53.2457039328571
"UCDHIST-GS0430-2009-05-15",2012,2012-03-05 05:59:20,2012-03-07 03:21:33,2012-03-07 15:16:49,2012-04-04 22:22:04,1,1,"up",2012-03-07 15:16:49,12139.5555555556,22397.2142857143,28.2953125,53.6070134571429,52.5488095242857
"UCDHIST-GS0430-2009-05-15",2015,2015-03-17 11:17:54,2015-03-17 18:38:44,2015-03-21 12:40:00,2015-04-04 22:35:23,1,1,"up",2015-03-21 12:40:00,4209.71428571429,5768.92857142857,14.4134606481481,64.0805641828571,62.6244047628571
"UCDHIST-GS0431-2009-05-15",2013,2013-01-27 13:56:39,2013-02-26 12:54:30,2013-02-27 13:19:36,2013-03-29 22:19:27,1,1,"up",2013-02-27 13:19:36,6288.6,12211.2,30.3748958333333,52.9422619042857,51.12202381
"UCDHIST-GS0431-2009-05-15",2017,2017-02-20 00:44:48,2017-02-22 23:57:35,2017-02-23 19:25:58,2017-04-03 03:54:44,1,1,"up",2017-02-23 19:25:58,44055.0526315789,63495.1578947368,38.3533101851852,50.6511904757143,51.5319616971429
"UCDHIST-GS0432-2009-05-20",2013,2013-03-26 14:04:58,2013-03-27 12:53:15,2013-03-29 03:35:41,2013-04-13 02:38:16,1,1,"up",2013-03-29 03:35:41,8905.46666666667,14162.1333333333,14.9601273148148,61.6148809528571,58.0297619028571
"UCDHIST-GS0434-2009-08-19",2014,2014-02-20 21:50:34,2014-02-22 19:40:27,2014-02-26 02:24:27,2014-03-16 08:49:50,1,1,"up",2014-02-26 02:24:27,11441.4736842105,17654.1578947368,18.2676273148148,56.8482142871429,56.3142857142857
"UCDHIST-GS0435-2009-08-20",2013,2013-03-17 07:20:02,2013-03-20 01:28:43,2013-03-20 22:31:03,2013-04-04 15:15:37,1,1,"up",2013-03-20 22:31:03,7271.26666666667,12741.9333333333,14.6976157407407,58.2071428542857,58.1702380957143
"UCDHIST-GS0435-2009-08-20",2017,2017-03-16 02:35:52,2017-03-16 18:51:29,2017-03-18 01:44:13,2017-04-12 09:53:28,0,1,"up",2017-03-18 01:44:13,25924.9615384615,57735.6923076923,25.3397569444444,55.6987836442857,56.4969313814286
"UCDHIST-GS0436-2009-08-25",2014,2014-03-27 02:57:12,2014-03-28 08:59:18,2014-03-29 07:00:07,2014-04-12 04:01:58,1,1,"up",2014-03-29 07:00:07,8248.46153846154,12533.3846153846,13.8762847222222,59.0833333328571,61.0758799171429
"UCDHIST-GS0437-2009-08-26",2011,2011-04-20 02:46:24,2011-06-07 11:33:46,2011-05-30 10:49:47,NA,NA,0,"up",2011-05-30 10:49:47,NA,NA,NA,59.5428571442857,60.9279761914286
"UCDHIST-GS0437-2009-08-26",2012,2012-05-01 22:08:18,2012-07-04 07:48:46,2012-07-01 09:17:15,NA,NA,0,"up",2012-07-01 09:17:15,NA,NA,NA,70.6988095242857,68.2023809528571
"UCDHIST-GS0437-2009-08-26",2013,2013-04-23 15:55:52,2014-02-08 17:39:59,2013-08-04 09:22:41,NA,NA,0,"up",2013-08-04 09:22:41,9203,15158,NA,70.0776656314286,70.9524844714286
"UCDHIST-GS0437-2009-08-26",2014,2014-02-08 18:01:43,2014-02-10 20:26:54,2014-02-13 02:54:02,2014-03-02 10:10:57,0,1,"up",2014-02-13 02:54:02,5978.88888888889,10571.4444444444,17.3034143518519,55.3190476185714,51.6386904757143
"UCDHIST-GS0437-2009-08-26",2016,2016-04-30 22:50:25,2017-08-05 14:52:22,2016-08-15 09:52:16,NA,NA,0,"up",2016-08-15 09:52:16,7565,15113,NA,71.8755952371429,71.75059524
"UCDHIST-GS0437-2009-08-26",2017,2017-08-05 15:18:20,2018-04-06 10:17:36,2017-08-08 11:00:22,NA,NA,0,"up",2017-08-08 11:00:22,7382,16050,NA,72.1994047614286,73.52739899
"UCDHIST-GS0439-2009-09-11",2013,2013-03-27 06:14:21,2013-03-31 15:18:02,2013-04-02 19:54:37,2013-04-20 04:16:33,1,1,"up",2013-04-02 19:54:37,8173.58823529412,13389.5294117647,17.3485648148148,62.5613095242857,59.0916666671429
"UCDHIST-GS0440-2009-09-11",2013,2013-04-14 17:21:56,2013-04-19 10:38:12,2013-04-25 00:28:20,2013-05-17 08:40:03,0,1,"up",2013-04-25 00:28:20,8627.26086956522,10152.9130434783,22.3414699074074,65.5172619057143,62.7488095228571
"UCDHIST-GS0440-2009-09-11",2017,2017-03-23 23:04:21,2017-03-26 19:40:59,2017-03-30 12:11:06,2017-05-11 08:39:02,1,1,"up",2017-03-30 12:11:06,28252.1904761905,54489.8095238095,41.8527314814815,57.6434523814286,55.8607401657143
"UCDHIST-GS0441-2009-09-26",2013,2013-04-01 20:07:22,2013-04-02 18:07:07,2013-04-05 23:03:23,2013-04-15 20:07:03,1,1,"up",2013-04-05 23:03:23,8927.7,14213.4,9.8775462962963,61.775,61.0142857142857
"UCDHIST-GS0441-2009-09-26",2016,2016-03-30 17:36:29,2016-03-31 08:43:43,2016-03-31 23:11:19,2016-04-11 18:54:47,0,1,"up",2016-03-31 23:11:19,9400.18181818182,19838,10.8218518518519,60.36607143,57.3173469385714
"UCDHIST-GS0442-2009-09-26",2015,2015-03-18 17:33:10,2015-03-20 01:48:57,2015-03-26 09:05:00,2015-04-12 00:53:05,1,1,"up",2015-03-26 09:05:00,4191.625,5988.0625,16.6583912037037,65.0767857157143,63.7141821957143
"UCDHIST-GS0443-2009-09-26",2013,2013-03-15 09:31:39,2013-03-20 22:35:01,2013-03-27 10:15:26,2013-04-09 04:44:22,1,1,"up",2013-03-27 10:15:26,8602.58333333333,13729,12.7700925925926,60.3202380957143,58.46785714
"UCDHIST-GS0444-2009-10-11",2012,2012-03-13 05:14:54,2012-03-13 18:46:06,2012-03-14 06:27:34,2012-03-25 22:19:59,0,1,"up",2012-03-14 06:27:34,11792.5454545455,26037.6666666667,11.661400462963,54.01547619,53.3945134571429
"UCDHIST-GS0444-2009-10-11",2015,2015-03-22 23:33:21,2015-03-26 14:29:22,2015-03-27 21:57:19,2015-04-09 07:27:52,1,1,"up",2015-03-27 21:57:19,4152.76923076923,5935.38461538462,12.3962152777778,65.0172619057143,63.7981107671429
"UCDHIST-GS0445-2009-10-11",2013,2013-02-21 10:55:42,2013-02-22 00:41:56,2013-02-24 04:03:15,2013-03-28 12:00:30,1,1,"up",2013-02-24 04:03:15,6239.48484848485,12184.5151515152,32.3314236111111,51.6190476185714,51.3339285728571
"UCDHIST-GS0445-2009-10-11",2017,2017-02-13 09:14:28,2017-02-15 12:16:31,2017-02-17 05:40:22,2017-03-20 17:13:57,1,1,"up",2017-02-17 05:40:22,62965.0625,66278.65625,31.4816550925926,51.3581521742857,52.5136904757143
"UCDHIST-GS0446-2009-10-11",2014,2014-02-10 13:40:36,2014-02-11 02:52:36,2014-02-12 14:14:03,2014-03-15 12:01:39,0,1,"up",2014-02-12 14:14:03,8724,14700.3870967742,30.9080555555556,54.9946428571429,51.4017857128571
"UCDHIST-GS0452-2009-10-23",2012,2012-04-03 21:25:36,2012-04-06 00:55:51,2012-04-06 14:00:02,2012-04-26 22:12:46,0,1,"up",2012-04-06 14:00:02,10532.05,21830.8,20.3421759259259,57.25059524,55.51190476
"UCDHIST-GS0453-2009-10-23",2014,2014-04-29 13:42:41,2014-04-29 21:04:32,2014-05-02 07:54:31,2014-05-11 13:25:11,1,1,"up",2014-05-02 07:54:31,5071.77777777778,4660,9.22962962962963,67.0303571428571,65.9089285714286
"UCDHIST-GS0455-2010-05-04",2014,2014-03-10 07:26:43,2014-03-11 01:03:35,2014-03-14 10:40:43,2014-05-01 19:43:51,1,1,"up",2014-03-14 10:40:43,5700.08333333333,8886.85416666667,48.3771759259259,58.7059523814286,57.5846532085714
"UCDHIST-GS0457-2010-05-06",2015,2015-02-11 07:05:38,2015-02-13 13:27:39,2015-02-16 21:50:12,2015-03-02 12:30:48,0,1,"up",2015-02-16 21:50:12,6229.64285714286,11735.2142857143,13.6115277777778,57.3446428571429,55.6476190485714
"UCDHIST-GS0458-2010-05-08",2015,2015-04-12 20:55:58,2015-04-15 20:19:19,2015-04-21 14:05:56,2015-05-30 16:50:27,1,1,"up",2015-04-21 14:05:56,5652.66666666667,6443.12820512821,39.1142476851852,64.9440476171429,62.8795548671429
"UCDHIST-GS0460-2011-04-12",2015,2015-04-02 05:24:09,2015-04-03 19:35:05,2015-04-06 01:34:40,2015-04-24 03:01:46,1,1,"up",2015-04-06 01:34:40,4341.5,5841.72222222222,18.0604861111111,62.32009804,64.5922619042857
"UCDHIST-GS0461-2011-04-12",2016,2016-03-20 13:07:17,2016-03-23 13:41:11,2016-03-26 00:58:46,2016-04-11 17:35:36,1,1,"up",2016-03-26 00:58:46,11340.1764705882,27360,16.6922453703704,57.8661564628571,57.17148033
"UCDHIST-GS0463-2011-04-12",2016,2016-02-04 05:06:48,2016-02-04 23:50:52,2016-02-06 04:06:36,2016-02-27 10:56:06,0,1,"up",2016-02-06 04:06:36,7515.90909090909,14730.5909090909,21.284375,51.0107142842857,50.5505952385714
"UCDHIST-GS0465-2011-04-12",2017,2017-02-24 02:27:54,2017-02-24 15:40:25,2017-02-27 14:23:38,2017-04-04 23:20:19,0,1,"up",2017-02-27 14:23:38,36782.5277777778,61335.8055555556,36.3726967592593,51.3041666671429,51.1289855071429
"UCDHIST-GS0466-2011-04-12",2016,2016-04-05 03:17:46,2016-04-05 20:44:06,2016-04-07 00:23:26,2016-04-20 04:27:15,0,1,"up",2016-04-07 00:23:26,8279.38461538462,16582.1538461538,13.1693171296296,62.7829968957143,59.5863095257143
"UCDHIST-GS0470-2011-04-12",2016,2016-03-26 08:14:33,2016-03-26 17:31:46,2016-03-28 03:56:36,2016-04-10 14:10:16,0,1,"up",2016-03-28 03:56:36,10292.5714285714,24919.2142857143,13.4261574074074,58.4970238114286,57.1571946157143
"UCDHIST-GS0471-2011-04-12",2016,2016-03-10 10:13:55,2016-03-11 01:06:40,2016-03-12 05:35:58,2016-03-25 23:09:36,0,1,"up",2016-03-12 05:35:58,36658.9285714286,58737.8571428571,13.7316898148148,54.5947722571429,56.1452639757143
"UCDHIST-GS0473-2011-04-14",2013,2013-08-20 01:04:02,2013-09-16 04:16:38,2013-08-28 02:53:51,NA,NA,0,"up",2013-08-28 02:53:51,7410,16467,NA,71.783891304,71.6464285714286
"UCDHIST-GS0473-2011-04-14",2015,2015-03-06 07:03:59,2015-04-06 14:08:36,2015-04-07 03:55:06,NA,NA,0,"up",2015-04-07 03:55:06,4636.6,5763.88,NA,62.3873599457143,64.1892857128571
"UCDHIST-GS0474-2011-04-14",2014,2014-03-05 22:47:30,2014-03-20 15:53:04,2014-03-21 19:01:29,2014-04-11 13:09:57,0,1,"up",2014-03-21 19:01:29,7036.66666666667,10584.8095238095,20.7558796296296,61.0758799171429,58.4934523814286
"UCDHIST-GS0476-2011-04-14",2016,2016-03-13 10:07:54,2016-03-14 07:57:09,2016-03-18 07:57:47,2016-03-31 19:07:00,0,1,"up",2016-03-18 07:57:47,23907.3846153846,48867.8461538462,13.4647337962963,57.17148033,53.57217909
"UCDHIST-GS0477-2011-04-14",2015,2015-02-26 20:56:39,2015-02-28 22:08:49,2015-03-02 13:21:00,NA,1,1,"up",2015-03-02 13:21:00,NA,NA,NA,56.9703933742857,55.9190476185714
"UCDHIST-GS0478-2011-04-14",2016,2016-02-26 16:36:15,2016-02-27 07:43:00,2016-02-28 15:41:06,2016-03-18 22:00:39,1,1,"up",2016-02-28 15:41:06,27596.4736842105,39927.5263157895,19.2635763888889,56.8666666657143,55.2476190485714
"UCDHIST-GS0479-2011-04-14",2015,2015-03-08 15:46:13,2015-03-12 12:47:02,2015-03-14 10:06:12,2015-03-28 07:27:58,1,1,"up",2015-03-14 10:06:12,4573.35714285714,6403.85714285714,13.8901157407407,63.0020703942857,58.7263716371429
"UCDHIST-GS0481-2011-04-14",2015,2015-04-15 00:39:43,2015-04-16 08:35:57,2015-04-20 01:09:24,2015-04-30 08:45:41,0,1,"up",2015-04-20 01:09:24,4949.90909090909,5663.27272727273,10.3168634259259,64.5732142842857,62.73914566
"UCDHIST-GS0484-2008-10-27",2013,2013-02-08 14:00:31,2013-02-08 15:17:31,2013-02-09 15:02:49,2013-03-09 10:17:58,1,1,"up",2013-02-09 15:02:49,6142.53571428571,12112.0357142857,27.8021875,49.9071428557143,50.0803571414286
"UCDHIST-GS0484-2008-10-27",2016,2016-03-13 03:37:53,2016-03-13 10:51:32,2016-03-14 06:42:34,2016-03-29 09:49:13,0,1,"up",2016-03-14 06:42:34,28349.25,55378.3125,15.1296180555556,55.9972308485714,54.6785196685714
"UCDHIST-GS0486-2011-08-02",2012,2012-01-25 09:18:02,2012-07-09 10:25:35,2012-06-28 10:04:49,NA,NA,0,"up",2012-06-28 10:04:49,10892,15296,NA,69.4565476185714,69.4208333328571
"UCDHIST-GS0487-2011-08-09",2011,2011-08-09 21:24:42,2011-08-23 05:02:09,2011-08-20 22:15:36,NA,NA,0,"up",2011-08-20 22:15:36,NA,NA,NA,70.7553571428572,71.5517857142857
"UCDHIST-GS0488-2011-08-10",2013,2013-06-03 11:43:58,2013-06-05 01:34:05,2013-06-07 14:57:00,NA,NA,0,"up",2013-06-07 14:57:00,10319.5789473684,11347.9473684211,NA,66.6589285714286,68.8698240171429
"UCDHIST-GS0489-2011-08-15",2012,2012-05-07 21:38:44,2012-06-19 10:09:35,2012-06-18 13:28:49,NA,NA,0,"up",2012-06-18 13:28:49,9063,11675,NA,70.6625,69.7863095242857
"UCDHIST-GS0489-2011-08-15",2013,2013-04-14 08:23:31,2013-05-18 07:35:20,2013-04-24 19:12:14,NA,NA,0,"up",2013-04-24 19:12:14,NA,NA,NA,65.0422619057143,62.3922619042857
"UCDHIST-GS0496-2012-04-13",2012,2012-04-14 04:46:26,2012-07-27 01:37:45,2012-04-19 01:49:55,NA,NA,0,"up",2012-04-19 01:49:55,9693,20417,NA,64.6827380957143,57.69702381
"UCDHIST-GS0497-2012-04-13",2012,2012-04-14 12:08:36,2012-08-21 11:52:15,2012-08-19 15:51:52,NA,NA,0,"up",2012-08-19 15:51:52,NA,NA,NA,71.1373964814286,72.3142857128571
"UCDHIST-GS0498-2012-04-13",2012,2012-04-14 13:29:22,2012-07-03 06:07:28,2012-05-20 10:03:27,NA,NA,0,"up",2012-05-20 10:03:27,NA,NA,NA,67.7101190485714,66.53452381
"UCDHIST-GS0499-2012-04-15",2012,2012-04-16 09:05:17,2012-09-13 10:55:35,2012-04-19 23:30:05,NA,NA,0,"up",2012-04-19 23:30:05,9693,20417,NA,64.6827380957143,57.69702381
"UCDHIST-GS0500-2012-04-16",2012,2012-04-17 12:22:33,2012-08-24 14:08:21,2012-05-16 12:21:47,NA,NA,0,"up",2012-05-16 12:21:47,7518,8990,NA,67.2583333342857,65.2994047628571
"UCDHIST-GS0500-2012-04-16",2013,2013-03-14 04:56:23,2013-07-18 02:34:35,2013-05-23 01:17:47,NA,NA,0,"up",2013-05-23 01:17:47,9886,11592,NA,66.8529761914286,68.4928571414286
"UCDHIST-GS0502-2012-04-16",2012,2012-04-17 08:35:55,2012-07-31 19:47:18,2012-06-05 02:54:47,NA,NA,0,"up",2012-06-05 02:54:47,9299,10164,NA,68.5636904771429,68.8113095242857
"UCDHIST-GS0503-2012-04-17",2012,2012-04-19 13:27:09,2012-09-25 09:10:52,2012-06-07 04:41:16,NA,NA,0,"up",2012-06-07 04:41:16,NA,NA,NA,68.8136904771429,69.0202380957143
"UCDHIST-GS0503-2012-04-17",2013,2012-10-06 02:14:01,2013-08-28 23:00:41,2013-08-23 02:22:59,NA,NA,0,"up",2013-08-23 02:22:59,NA,NA,NA,71.37904762,72.8779761914286
"UCDHIST-GS0506-2012-04-18",2012,2012-04-20 13:46:13,2012-05-20 22:28:33,2012-04-25 03:26:23,NA,NA,0,"up",2012-04-25 03:26:23,10503,19646,NA,64.0571428571428,62.4857142857143
"UCDHIST-GS0507-2012-04-19",2012,2012-04-20 12:29:15,2012-08-20 10:29:42,2012-07-11 06:36:54,NA,NA,0,"up",2012-07-11 06:36:54,NA,NA,NA,71.3910714285714,71.1708333328571
"UCDHIST-GS0507-2012-04-19",2013,2013-01-20 01:39:36,2013-09-14 08:51:12,2013-09-13 06:02:40,NA,NA,0,"up",2013-09-13 06:02:40,NA,NA,NA,69.9809523814286,71.5142857128571
"UCDHIST-GS0508-2012-04-19",2013,2013-02-22 00:04:56,2013-07-09 00:03:58,2013-04-10 00:44:19,NA,NA,0,"up",2013-04-10 00:44:19,NA,NA,NA,61.6053571442857,62.5613095242857
"UCDHIST-GS0509-2012-04-19",2012,2012-04-20 11:13:34,2012-07-04 20:39:14,2012-05-23 12:03:54,NA,NA,0,"up",2012-05-23 12:03:54,NA,NA,NA,67.69702381,67.10654762
"UCDHIST-GS0510-2012-04-19",2012,2012-04-20 13:43:28,2012-09-18 09:27:55,2012-05-24 09:18:44,NA,NA,0,"up",2012-05-24 09:18:44,NA,NA,NA,67.7571428571429,67.2583333342857
"UCDHIST-GS0510-2012-04-19",2013,2013-03-09 06:32:34,2013-06-07 09:20:43,2013-05-20 21:25:10,NA,NA,0,"up",2013-05-20 21:25:10,NA,NA,NA,67.5077380957143,68.65
"UCDHIST-GS0512-2012-04-20",2012,2012-04-21 10:39:33,2012-09-30 23:59:59,2012-05-14 18:07:38,NA,NA,0,"up",2012-05-14 18:07:38,NA,NA,NA,66.9202380957143,64.0898809528571
"UCDHIST-GS0512-2012-04-20",2014,2014-04-18 06:27:11,2014-09-26 02:43:12,2014-09-28 08:18:39,NA,NA,0,"up",2014-09-28 08:18:39,4835,7266,NA,70.2041666671429,71.7535714285714
"UCDHIST-GS0513-2012-04-20",2012,2012-04-20 19:38:42,2012-09-27 19:36:32,2012-05-14 01:26:54,NA,NA,0,"up",2012-05-14 01:26:54,NA,NA,NA,66.9202380957143,64.0898809528571
"UCDHIST-GS0513-2012-04-20",2013,2013-06-17 14:04:56,2013-09-23 09:23:25,2013-08-10 22:48:39,NA,NA,0,"up",2013-08-10 22:48:39,NA,NA,NA,71.4178571428571,70.2431418214286
"UCDHIST-GS0514-2012-04-25",2012,2012-04-26 07:34:38,2012-07-23 09:36:04,2012-06-28 18:21:18,NA,NA,0,"up",2012-06-28 18:21:18,NA,NA,NA,69.4565476185714,69.4208333328571
"UCDHIST-GS0514-2012-04-25",2013,2013-04-29 03:28:19,2013-07-31 07:28:16,2013-06-08 14:01:12,NA,NA,0,"up",2013-06-08 14:01:12,NA,NA,NA,66.7392857142857,69.1894668742857
"UCDHIST-GS0514-2012-04-25",2014,2014-03-20 10:30:15,2014-08-12 09:54:18,2014-07-25 12:28:07,NA,NA,0,"up",2014-07-25 12:28:07,NA,NA,NA,75.4071428571429,72.6375
"UCDHIST-GS0515-2012-04-25",2012,2012-04-26 19:38:19,2012-07-04 08:59:45,2012-06-14 11:35:48,NA,NA,0,"up",2012-06-14 11:35:48,7622,10671,NA,71.6,68.6982142857143
"UCDHIST-GS0517-2012-04-26",2012,2012-04-28 09:12:49,2012-09-16 22:11:23,2012-05-13 04:59:44,NA,NA,0,"up",2012-05-13 04:59:44,7711,10100,NA,66.6827380957143,63.3654761914286
"UCDHIST-GS0519-2012-04-30",2012,2012-05-01 08:29:07,2012-05-02 07:57:58,2012-05-03 20:58:45,2012-05-12 20:07:36,1,1,"up",2012-05-03 20:58:45,7026.88888888889,13660.2222222222,8.96447916666667,62.3630952371429,64.0571428571428
"UCDHIST-GS0520-2012-04-30",2012,2012-05-01 16:33:28,2012-05-10 12:57:55,2012-05-09 01:56:51,NA,NA,0,"up",2012-05-09 01:56:51,NA,NA,NA,65.7601190485714,61.9642857142857
"UCDHIST-GS0520-2012-04-30",2013,2013-01-17 10:55:55,2013-09-29 23:31:26,2013-09-27 05:12:12,NA,NA,0,"up",2013-09-27 05:12:12,NA,NA,NA,65.8988095242857,68.8436594214286
"UCDHIST-GS0521-2012-05-01",2012,2012-05-06 14:54:51,2012-08-25 18:04:34,2012-05-31 06:12:50,NA,NA,0,"up",2012-05-31 06:12:50,7503,9902,NA,69.0755952385714,67.69702381
"UCDHIST-GS0522-2012-05-03",2012,2012-05-06 01:16:33,2012-07-13 03:07:45,2012-05-13 04:38:08,NA,NA,0,"up",2012-05-13 04:38:08,7711,10100,NA,66.6827380957143,63.3654761914286
"UCDHIST-GS0522-2012-05-03",2013,2013-03-15 14:38:56,2013-07-28 03:28:00,2013-07-26 13:16:02,NA,NA,0,"up",2013-07-26 13:16:02,10932,15754,NA,71.1834368528571,71.6619047628571
"UCDHIST-GS0522-2012-05-03",2014,2014-03-13 04:38:53,2014-07-29 08:12:20,2014-05-15 13:23:55,NA,NA,0,"up",2014-05-15 13:23:55,5419,4380,NA,68.82142857,66.8726190471429
"UCDHIST-GS0523-2012-05-03",2012,2012-05-04 00:58:01,2012-06-18 06:24:43,2012-06-14 11:35:14,NA,NA,0,"up",2012-06-14 11:35:14,NA,NA,NA,71.6,68.6982142857143
"UCDHIST-GS0523-2012-05-03",2013,2013-02-19 23:28:28,2013-10-01 22:11:59,2013-06-09 12:19:50,NA,NA,0,"up",2013-06-09 12:19:50,NA,NA,NA,66.7857142857143,69.6091097314286
"UCDHIST-GS0524-2012-05-06",2012,2012-05-06 23:19:20,2012-09-25 18:12:43,2012-09-01 08:13:49,NA,NA,0,"up",2012-09-01 08:13:49,NA,NA,NA,69.4833333328571,70.19642857
"UCDHIST-GS0524-2012-05-06",2013,2013-04-20 06:03:35,2013-08-26 08:09:16,2013-07-31 08:50:50,NA,NA,0,"up",2013-07-31 08:50:50,NA,NA,NA,70.3916666657143,71.8380952385714
"UCDHIST-GS0525-2012-05-06",2012,2012-05-07 11:26:49,2012-09-27 06:03:45,2012-09-22 07:40:40,NA,NA,0,"up",2012-09-22 07:40:40,6569,13846,NA,68.1232142857143,68.1708333328571
"UCDHIST-GS0526-2012-05-06",2012,2012-05-07 01:05:34,2012-09-25 17:40:53,2012-08-26 21:16:31,NA,NA,0,"up",2012-08-26 21:16:31,NA,NA,NA,69.8791666657143,71.2766821957143
"UCDHIST-GS0526-2012-05-06",2013,2013-06-15 21:32:13,2013-07-18 05:27:41,2013-07-16 07:52:01,NA,NA,0,"up",2013-07-16 07:52:01,10652,14988,NA,71.3071428585714,73.0261904771429
"UCDHIST-GS0527-2008-10-23",2012,2012-02-23 09:00:06,2012-02-26 19:56:16,2012-02-27 06:53:00,2012-04-05 12:21:33,1,1,"up",2012-02-27 06:53:00,10404.4473684211,19340.5897435897,38.2281597222222,52.4767857157143,52.474666668
"UCDHIST-GS0527-2008-10-23",2017,2017-01-29 09:34:35,2017-01-30 02:34:12,2017-02-01 06:12:10,2017-03-16 14:28:43,0,1,"up",2017-02-01 06:12:10,72761.3953488372,68934.9302325581,43.3448263888889,51.0220238071429,48.3934641428571
"UCDHIST-GS0536-2010-07-08",2014,2014-03-18 20:16:59,2014-03-21 15:32:57,2014-03-23 19:55:19,2014-04-11 12:28:27,1,1,"up",2014-03-23 19:55:19,7270.31578947368,10913.1052631579,18.6896759259259,61.3990942028571,58.9672619042857
"UCDHIST-GS0537-2010-07-10",2015,2015-04-09 23:17:59,2015-04-13 01:15:37,2015-04-14 22:46:48,2015-05-03 04:35:26,1,1,"up",2015-04-14 22:46:48,4771,5494.22222222222,18.2421064814815,63.0218167714286,62.32009804
"UCDHIST-GS0538-2010-07-11",2015,2015-04-12 13:36:03,2015-04-16 19:43:36,2015-04-18 12:31:28,2015-05-05 19:54:28,1,1,"up",2015-04-18 12:31:28,5067.41176470588,5606.17647058824,17.3076388888889,64.1646739128571,62.5117647071429
"UCDHIST-GS0539-2010-07-20",2015,2015-02-21 05:08:50,2015-02-21 15:24:42,2015-02-24 10:13:22,2015-03-16 04:21:53,1,1,"up",2015-02-24 10:13:22,5283.94736842105,8414.52631578947,19.7559143518519,55.85,57.3446428571429
"UCDHIST-GS0540-2010-07-23",2015,2015-04-08 08:17:36,2015-04-10 01:51:47,2015-04-14 19:37:36,2015-06-04 11:39:49,1,1,"up",2015-04-14 19:37:36,5462.29411764706,6243.29411764706,50.6682060185185,63.0218167714286,62.32009804
"UCDHIST-GS0541-2010-07-31",2015,2015-03-20 18:00:28,2015-03-23 00:37:20,2015-03-25 11:26:07,2015-04-12 11:44:59,1,1,"up",2015-03-25 11:26:07,4207.61111111111,5992.16666666667,18.0131018518519,64.9500000014286,63.62846791
"UCDHIST-GS0543-2010-07-31",2013,2013-04-02 10:21:14,2013-04-03 19:07:00,2013-04-05 11:23:45,2013-05-11 16:14:51,1,1,"up",2013-04-05 11:23:45,7716.41666666667,10519.7777777778,36.2021527777778,61.775,61.0142857142857
"UCDHIST-GS0543-2010-07-31",2016,2016-03-12 20:51:15,2016-03-13 21:02:07,2016-03-14 19:53:39,2016-04-24 07:28:05,1,1,"up",2016-03-14 19:53:39,15041.4146341463,31566.4146341463,40.4822453703704,55.9972308485714,54.6785196685714
"UCDHIST-GS0544-2010-08-11",2016,2016-03-15 03:22:38,2016-03-15 03:56:22,2016-03-15 21:47:36,2016-03-29 03:11:18,1,1,"up",2016-03-15 21:47:36,26497.3076923077,55119.0769230769,13.2247916666667,56.6291666657143,53.9392339542857
"UCDHIST-GS0545-2010-08-26",2015,2014-12-29 03:27:43,2015-03-19 13:13:12,2015-03-22 07:04:38,2015-05-28 06:04:46,1,1,"up",2015-03-22 07:04:38,5027.78787878788,6193.72727272727,66.9584259259259,64.2555641828571,63.0020703942857
"UCDHIST-GS0546-2010-08-26",2013,2013-07-25 09:01:07,2013-09-20 08:59:35,2013-09-10 17:53:43,NA,NA,0,"up",2013-09-10 17:53:43,NA,NA,NA,70.4678571442857,71.6160714257143
"UCDHIST-GS0556-2010-08-26",2012,2012-07-03 21:10:26,2012-07-18 16:22:01,2012-07-20 15:37:49,NA,NA,0,"up",2012-07-20 15:37:49,8184.89655172414,15542.6206896552,NA,70.65297619,70.8738095242857
"UCDHIST-GS0561-2010-08-27",2015,2015-08-27 17:54:58,2015-09-14 08:59:55,2015-09-11 13:10:43,NA,NA,0,"up",2015-09-11 13:10:43,NA,NA,NA,71.91612554,72.7053571428571
"UCDHIST-GS0561-2010-08-27",2016,2016-02-25 07:03:27,2016-02-27 14:06:50,2016-02-28 08:22:18,2016-03-26 21:53:41,0,1,"up",2016-02-28 08:22:18,28423.2222222222,44375.5925925926,27.5634606481481,56.8666666657143,55.2476190485714
"UCDHIST-GS0566-2010-09-22",2013,2013-03-18 22:27:14,2013-03-19 18:57:36,2013-03-21 23:02:02,2013-04-01 02:32:01,1,1,"up",2013-03-21 23:02:02,6432.2,11839.4,10.1458217592593,58.0297619028571,58.5940476185714
"UCDHIST-GS0571-2010-10-28",2017,2017-03-25 03:44:25,2017-03-25 13:47:48,2017-03-28 10:54:01,2017-05-11 04:46:29,0,1,"up",2017-03-28 10:54:01,28351.6976744186,55273.1162790698,43.7447685185185,56.9213768128571,55.6297877842857
"UCDHIST-GS0573-2011-05-06",2016,2016-03-19 14:55:24,2016-03-22 23:19:29,2016-03-23 14:02:39,2016-04-11 05:55:59,0,1,"up",2016-03-23 14:02:39,13149.5555555556,30913.3888888889,18.662037037037,57.3173469385714,56.6291666657143
"UCDHIST-GS0595-2011-06-09",2015,2015-02-22 16:41:53,2015-02-25 10:21:31,2015-03-04 02:44:50,2015-03-16 02:58:49,1,1,"up",2015-03-04 02:44:50,5051.33333333333,7694.25,12.0097106481481,57.8084886128571,55.85
"UCDHIST-GS0599-2011-06-13",2017,2017-03-04 19:45:50,2017-03-04 20:00:43,2017-03-07 15:11:35,2017-06-17 05:02:55,0,1,"up",2017-03-07 15:11:35,22809.5643564356,48378.6435643564,101.577314814815,54.0463361442857,51.3041666671429
"UCDHIST-GS0600-2011-06-13",2016,2016-04-07 17:02:49,2016-04-08 09:31:51,2016-04-12 19:07:39,2016-05-04 17:51:51,0,1,"up",2016-04-12 19:07:39,6198.22727272727,12034,21.9473611111111,62.8353778471429,62.5511904771429
"UCDHIST-GS0603-2011-06-14",2016,2016-05-23 16:43:20,2016-09-18 14:45:46,2016-08-29 11:19:40,NA,NA,0,"up",2016-08-29 11:19:40,NA,NA,NA,69.9261904742857,70.15
"UCDHIST-GS0607-2011-06-14",2016,2016-03-18 03:32:22,2016-07-19 12:09:53,2016-07-12 04:20:53,NA,NA,0,"up",2016-07-12 04:20:53,NA,NA,NA,72.1827380957143,71.30628882
"UCDHIST-GS0613-2011-06-15",2016,2016-07-14 14:58:44,2016-09-10 13:21:33,2016-09-09 07:28:24,NA,NA,0,"up",2016-09-09 07:28:24,8500,16338,NA,68.1946428571429,70.0398809514286
"UCDHIST-GS0614-2011-06-15",2014,2014-03-24 10:21:17,2014-03-26 08:02:31,2014-03-27 21:28:09,2014-05-04 08:13:32,1,1,"up",2014-03-27 21:28:09,5863.8947368421,8665.97368421053,37.4481828703704,60.2797619042857,60.4615942014286
"UCDHIST-GS0615-2011-06-15",2012,2012-05-17 12:19:52,2012-06-04 07:11:03,2012-06-01 21:26:43,NA,NA,0,"up",2012-06-01 21:26:43,NA,NA,NA,69.0577380957143,67.7571428571429
"UCDHIST-GS0615-2011-06-15",2017,2017-03-23 14:41:15,2017-03-24 20:45:16,2017-03-26 18:13:35,2017-04-30 02:19:08,0,1,"up",2017-03-26 18:13:35,32249.4117647059,58479.9411764706,34.3371875,56.3106625271429,55.6987836442857
"UCDHIST-GS0618-2011-06-15",2015,2015-04-30 11:46:26,2015-05-01 21:23:59,2015-05-06 03:18:41,2015-05-27 19:37:47,1,1,"up",2015-05-06 03:18:41,5960.31818181818,7038.18181818182,21.6799305555556,67.3197101457143,68.0023809514286
"UCDHIST-GS0622-2011-07-01",2017,2017-08-21 18:40:31,2017-08-22 19:32:26,2017-08-29 06:24:29,NA,NA,0,"up",2017-08-29 06:24:29,7371.85714285714,18050.1428571429,NA,73.07466356,71.5314285714286
"UCDHIST-GS0632-2011-07-08",2016,2016-03-19 15:43:02,2016-03-25 08:41:36,2016-03-26 11:41:52,2016-04-20 21:12:52,0,1,"up",2016-03-26 11:41:52,9635.8,22241.48,25.3965277777778,57.8661564628571,57.17148033
"UCDHIST-GS0640-2011-07-14",2012,2012-09-06 10:03:58,2012-09-18 06:13:08,2012-09-24 01:31:42,NA,NA,0,"up",2012-09-24 01:31:42,6570,13250,NA,68.32202381,67.6446428571429
"UCDHIST-GS0652-2011-07-20",2015,2015-03-17 17:25:06,2015-03-22 06:30:11,2015-03-25 02:11:32,2015-04-08 11:36:03,0,1,"up",2015-03-25 02:11:32,4150.2,5908.46666666667,14.392025462963,64.9500000014286,63.62846791
"UCDHIST-GS0687-2011-08-09",2016,2016-03-18 11:01:36,2016-03-23 02:54:04,2016-03-24 23:39:41,2016-04-11 10:09:36,0,1,"up",2016-03-24 23:39:41,12073.2777777778,28796.2777777778,17.4374421296296,57.4631802714286,57.0054089014286
"UCDHIST-GS0689-2011-08-09",2012,2012-04-14 07:59:04,2012-04-15 19:36:47,2012-04-16 09:25:37,2012-04-29 11:04:17,0,1,"up",2012-04-16 09:25:37,10429.6923076923,21337.8461538462,13.0685185185185,61.3333333328571,57.5672619057143
"UCDHIST-GS0689-2011-08-09",2016,2016-03-24 14:39:26,2016-03-30 20:12:46,2016-03-31 20:31:11,2016-04-18 04:25:48,0,1,"up",2016-03-31 20:31:11,8992.41176470588,18668,17.3295949074074,60.36607143,57.3173469385714
"UCDHIST-GS0691-2011-08-10",2015,2015-03-05 23:05:48,2015-03-06 21:53:30,2015-03-09 03:30:23,2015-04-01 23:19:34,1,1,"up",2015-03-09 03:30:23,4570.5,6500.45833333333,23.8258217592593,60.4809782628571,56.6483695657143
"UCDHIST-GS0699-2011-08-11",2012,2012-04-13 21:29:19,2012-04-18 10:29:19,2012-04-20 10:20:45,2012-05-01 17:27:35,1,1,"up",2012-04-20 10:20:45,10348.9090909091,20856.0909090909,11.296412037037,65.3047619042857,57.95297619
"UCDHIST-GS0699-2011-08-11",2017,2017-03-25 22:59:02,2017-03-27 14:52:47,2017-03-30 12:24:37,2017-04-27 06:31:25,0,1,"up",2017-03-30 12:24:37,33417.7037037037,57010.3333333333,27.7547222222222,57.6434523814286,55.8607401657143
"UCDHIST-GS0704-2011-08-11",2012,2012-03-12 21:12:32,2012-03-14 03:40:54,NA,2012-04-04 14:42:35,0,1,"up",2012-03-15 06:41:53.607595,14236.9,26755,20.3338124120953,53.8892857128571,53.6070134571429
"UCDHIST-GS0704-2011-08-11",2017,2017-03-11 11:19:09,2017-03-11 12:38:12,2017-03-13 14:57:24,2017-05-04 01:35:23,0,1,"up",2017-03-13 14:57:24,29413.4901960784,59125.8039215686,51.4430439814815,56.9713768114286,52.1706632657143
"UCDHIST-GS0705-2011-08-11",2015,2015-08-15 21:56:48,2015-09-06 23:24:41,2015-09-23 21:37:44,NA,NA,0,"up",2015-09-23 21:37:44,6364,7770,NA,70.4886904771429,70.9143398257143
"UCDHIST-GS0716-2011-08-18",2012,2012-04-14 21:18:18,2012-04-19 00:40:53,2012-04-19 06:08:44,2012-04-29 01:44:49,1,1,"up",2012-04-19 06:08:44,10620.8,20425.4,9.81672453703704,64.6827380957143,57.69702381
"UCDHIST-GS0716-2011-08-18",2016,2016-03-25 18:49:30,2016-03-26 14:34:48,2016-03-31 09:26:28,2016-04-09 10:25:37,0,1,"up",2016-03-31 09:26:28,9499.88888888889,20439.4444444444,9.04107638888889,60.36607143,57.3173469385714
"UCDHIST-GS0717-2011-08-18",2014,2014-03-05 02:07:22,2014-03-11 21:11:16,2014-03-16 02:41:44,2014-03-29 10:24:40,0,1,"up",2014-03-16 02:41:44,5025.07142857143,8162.42857142857,13.3214814814815,59.2499999985714,57.9358436857143
"UCDHIST-GS0723-2011-08-19",2012,2012-04-02 03:01:30,2012-04-03 13:55:43,NA,2012-04-20 21:30:07,0,1,"up",2012-04-04 16:56:42.607595,10404.875,23048.5625,16.189865652836,56.7458333342857,55.1749999985714
"UCDHIST-GS0723-2011-08-19",2016,2016-01-30 07:31:28,2016-02-07 18:50:07,2016-02-13 06:49:14,2016-03-19 02:55:34,1,1,"up",2016-02-13 06:49:14,18305.7142857143,27868.4285714286,34.8377314814815,55.6916666657143,50.3851190471429
"UCDHIST-GS0724-2011-08-19",2013,2013-03-28 02:29:00,2013-04-21 17:16:07,2013-04-19 19:30:32,NA,NA,0,"up",2013-04-19 19:30:32,NA,NA,NA,63.3053571414286,61.5851190485714
"UCDHIST-GS0726-2011-08-30",2012,2012-03-11 14:05:40,2012-03-15 01:00:50,2012-03-14 08:15:20,2012-04-05 03:08:07,1,1,"up",2012-03-14 08:15:20,14236.9,26755,21.7866550925926,54.01547619,53.3945134571429
"UCDHIST-GS0726-2011-08-30",2017,2017-02-17 20:23:39,2017-02-21 08:35:55,2017-02-22 09:31:28,2017-03-19 06:07:04,1,1,"up",2017-02-22 09:31:28,57328.125,64309.2083333333,24.8580555555556,50.6589285714286,51.6069616971429
"UCDHIST-GS0727-2011-08-30",2017,2017-04-30 08:15:15,2017-05-01 06:22:44,2017-05-02 19:54:53,2017-05-22 03:53:21,0,1,"up",2017-05-02 19:54:53,15566.1578947368,42905.6842105263,19.3322685185185,63.6019151142857,59.4934523814286
"UCDHIST-GS0729-2011-08-30",2017,2017-04-07 02:35:35,2017-04-08 14:42:43,2017-04-10 13:39:20,2017-04-29 01:58:22,0,1,"up",2017-04-10 13:39:20,37949.6111111111,62016.9444444444,18.5132175925926,55.7507763985714,58.1232142857143
"UCDHIST-GS0740-2011-09-01",2012,2012-04-07 18:30:52,2012-04-12 07:18:43,2012-04-12 08:22:56,2012-04-28 08:58:15,0,1,"up",2012-04-12 08:22:56,11226.4375,23562.8125,16.024525462963,57.95297619,56.7458333342857
"UCDHIST-GS0743-2011-09-02",2013,2013-05-27 07:48:51,2013-08-29 10:06:57,2013-06-25 11:30:12,NA,NA,0,"up",2013-06-25 11:30:12,10644,12896,NA,72.7077380942857,69.9357142871429
"UCDHIST-GS0746-2011-09-02",2012,2012-03-14 09:03:46,2012-03-16 07:36:36,NA,2012-04-04 18:57:17,0,1,"up",2012-03-17 10:37:35.607595,13576.7058823529,26551.2222222222,18.3470068565397,53.6636904757143,54.2326086957143
"UCDHIST-GS0746-2011-09-02",2016,2016-03-07 06:38:33,2016-03-09 02:04:38,2016-03-10 06:41:26,2016-03-29 15:08:37,1,1,"up",2016-03-10 06:41:26,32546.45,55222.8,19.3522106481481,53.57217909,57.1190476185714
"UCDHIST-GS0753-2011-09-07",2012,2012-03-22 05:41:40,2012-04-23 18:44:15,2012-04-26 14:47:59,2012-05-05 16:27:31,1,1,"up",2012-04-26 14:47:59,8830.22222222222,20577.6666666667,9.06912037037037,63.4357142857143,63.6476190471429
"UCDHIST-GS0754-2011-09-07",2016,2016-05-31 10:08:49,2016-07-15 18:38:05,2016-07-02 11:53:08,NA,NA,0,"up",2016-07-02 11:53:08,NA,NA,NA,72.0019057042857,72.9141304342857
"UCDHIST-GS0764-2011-09-13",2015,2015-06-02 05:19:39,2015-06-10 05:04:14,2015-06-11 22:29:29,2015-06-29 20:52:50,0,1,"up",2015-06-11 22:29:29,5017.61111111111,5287.33333333333,17.9328819444444,73.0113095228571,70.7528911557143
"UCDHIST-GS0764-2011-09-13",2016,2015-10-01 06:54:56,2015-10-27 11:31:22,2015-10-22 07:23:28,NA,NA,0,"up",2015-10-22 07:23:28,NA,NA,NA,67.0267857128571,68.8321428571429
"UCDHIST-GS0765-2011-09-14",2015,2015-06-30 18:17:57,2015-08-16 08:38:32,2015-08-05 17:28:41,NA,NA,0,"up",2015-08-05 17:28:41,NA,NA,NA,73.0952380957143,74.05357143
"UCDHIST-GS0769-2011-09-21",2016,2016-03-22 15:52:41,2016-03-24 17:09:00,2016-03-26 05:25:13,2016-04-08 10:16:51,1,1,"up",2016-03-26 05:25:13,11863.5,29562.4285714286,13.2025231481481,57.8661564628571,57.17148033
"UCDHIST-GS0770-2011-09-21",2014,2014-05-02 17:06:39,2014-06-15 00:36:17,2014-06-13 10:27:51,NA,NA,0,"up",2014-06-13 10:27:51,NA,NA,NA,72.08136646,72.3529761914286
"UCDHIST-GS0780-2012-05-02",2016,2016-03-21 12:16:44,2016-03-23 15:43:34,2016-03-24 05:27:51,2016-04-04 13:02:38,1,1,"up",2016-03-24 05:27:51,15251.4166666667,37341.25,11.3158217592593,57.4631802714286,57.0054089014286
"UCDHIST-GS0781-2012-05-02",2016,2016-03-21 12:20:11,2016-03-23 15:46:50,2016-03-24 05:26:26,2016-04-04 13:04:00,1,1,"up",2016-03-24 05:26:26,15251.4166666667,37341.25,11.3177546296296,57.4631802714286,57.0054089014286
"UCDHIST-GS0786-2012-05-07",2017,2017-03-12 13:21:06,2017-03-13 05:08:03,2017-03-15 01:06:56,2017-04-01 00:08:26,0,1,"up",2017-03-15 01:06:56,25578.5294117647,61618.8823529412,16.959375,56.4059006214286,54.0463361442857
"UCDHIST-GS0788-2012-05-08",2016,2016-02-16 07:44:00,2016-02-19 12:54:41,2016-02-22 02:29:42,2016-03-18 22:09:28,1,1,"up",2016-02-22 02:29:42,22008.5769230769,32754.9230769231,25.8192824074074,55.0363095228571,55.9928571428571
"UCDHIST-GS0789-2012-05-08",2016,2016-03-03 03:25:22,2016-03-03 18:03:15,2016-03-06 00:46:34,2016-03-28 12:12:17,0,1,"up",2016-03-06 00:46:34,33135.1304347826,53044.1304347826,22.4761921296296,54.6785196685714,56.43690476
"UCDHIST-GS0790-2012-05-08",2016,2016-03-03 03:24:08,2016-03-03 18:01:45,2016-03-06 00:56:19,2016-03-28 00:24:15,0,1,"up",2016-03-06 00:56:19,33949.0909090909,53451.0454545455,21.9777314814815,54.6785196685714,56.43690476
"UCDHIST-GS0794-2012-05-29",2015,2015-07-30 19:08:33,2015-09-11 22:22:41,2015-09-01 03:48:39,NA,NA,0,"up",2015-09-01 03:48:39,NA,NA,NA,72.8726190471428,73.1708333328571
"UCDHIST-GS0796-2012-06-11",2016,2016-06-07 15:02:31,2016-08-04 01:13:39,2016-07-25 12:10:13,NA,NA,0,"up",2016-07-25 12:10:13,6567,13613,NA,73.4208333328571,70.8668219457143
"UCDHIST-GS0802-2012-07-01",2013,2013-07-11 21:54:46,2013-09-30 08:07:48,2013-07-24 15:41:47,NA,NA,0,"up",2013-07-24 15:41:47,10925,15575,NA,71.7036749485714,71.3071428585714
"UCDHIST-GS0802-2012-07-01",2014,2013-10-05 06:37:26,2014-03-15 20:54:54,2014-03-17 16:07:06,2014-05-10 22:44:00,1,1,"up",2014-03-17 16:07:06,5575.72222222222,8026.57407407407,54.275625,59.58690476,58.0904761914286
"UCDHIST-GS0811-2012-07-01",2017,2017-03-04 21:11:14,2017-03-07 06:46:53,2017-03-12 02:11:37,2017-03-31 21:25:02,0,1,"up",2017-03-12 02:11:37,25510.65,61188.8,19.8009837962963,57.1825569357143,51.7880952385714
"UCDHIST-GS0862-2012-07-17",2015,2015-04-03 14:18:35,2015-04-04 15:47:47,2015-04-06 06:51:51,2015-05-02 01:38:13,1,1,"up",2015-04-06 06:51:51,4620.84615384615,5793.34615384615,25.7821990740741,62.32009804,64.5922619042857
"UCDHIST-GS0877-2012-07-25",2013,2013-03-29 15:48:25,2013-03-31 13:44:36,2013-04-01 23:02:44,2013-04-16 07:54:50,1,1,"up",2013-04-01 23:02:44,8794.53333333333,14381.2666666667,14.3695138888889,62.65,58.6440476185714
"UCDHIST-GS0893-2012-08-17",2016,2016-03-26 05:12:19,2016-03-28 17:41:54,2016-04-02 08:18:38,2016-04-13 06:58:49,0,1,"up",2016-04-02 08:18:38,9118.3,18473,10.9445717592593,61.73154762,57.6405612242857
"UCDHIST-GS0896-2012-09-11",2015,2015-04-30 02:45:57,2015-05-23 12:30:33,2015-05-25 06:28:25,2015-06-07 21:06:18,1,1,"up",2015-05-25 06:28:25,5724.57142857143,6227.64285714286,13.6096412037037,67.40892857,66.2077380957143
"UCDHIST-GS0936-2011-06-08",2014,2014-02-22 21:00:41,2014-02-23 16:02:58,2014-02-28 13:02:49,2014-03-19 11:07:04,1,1,"up",2014-02-28 13:02:49,10962.6842105263,17909.3157894737,18.9196180555556,56.6952380957143,56.6748706014286
"UCDHIST-GS0938-2011-06-08",2012,2012-02-24 20:41:36,2012-02-28 10:57:21,2012-02-28 11:44:32,2012-04-17 15:26:45,1,1,"up",2012-02-28 11:44:32,10641,20703.2448979592,49.1543171296296,52.5488095242857,52.616333334
"UCDHIST-GS0938-2011-06-08",2016,2016-03-03 18:24:21,2016-03-08 02:27:32,2016-03-11 01:50:31,2016-03-27 17:25:43,0,1,"up",2016-03-11 01:50:31,35414.8823529412,57167.2352941177,16.6494444444444,53.9929865428571,56.7172619042857
"UCDHIST-GS0970-2013-11-18",2017,2017-02-28 07:03:42,2017-03-01 14:13:40,2017-03-03 14:58:15,2017-05-02 19:51:09,0,1,"up",2017-03-03 14:58:15,31778.2166666667,59804.7333333333,60.2034027777778,51.5077380957143,50.6511904757143
